{
  "Ansi 5 Color" : {
    "Red Component" : 0.56470588235294117,
    "Color Space" : "sRGB",
    "Blue Component" : 0.66274509803921566,
    "Alpha Component" : 1,
    "Green Component" : 0.47843137254901963
  },
  "Working Directory" : "\/Users\/alexis",
  "Prompt Before Closing 2" : 0,
  "Selected Text Color" : {
    "Red Component" : 0.792156862745098,
    "Color Space" : "sRGB",
    "Blue Component" : 0.96078431372549022,
    "Alpha Component" : 1,
    "Green Component" : 0.82745098039215681
  },
  "Rows" : 30,
  "Ansi 11 Color" : {
    "Red Component" : 0.91764705882352937,
    "Color Space" : "sRGB",
    "Blue Component" : 0.20392156862745098,
    "Alpha Component" : 1,
    "Green Component" : 0.61568627450980395
  },
  "Use Italic Font" : true,
  "Foreground Color" : {
    "Red Component" : 0.3411764705882353,
    "Color Space" : "sRGB",
    "Blue Component" : 0.47450980392156861,
    "Alpha Component" : 1,
    "Green Component" : 0.32156862745098042
  },
  "Use Custom Window Title" : false,
  "Right Option Key Sends" : 0,
  "Character Encoding" : 4,
  "Selection Color" : {
    "Red Component" : 0.47450980392156861,
    "Color Space" : "sRGB",
    "Blue Component" : 0.57647058823529407,
    "Alpha Component" : 1,
    "Green Component" : 0.45882352941176469
  },
  "Mouse Reporting" : true,
  "Ansi 4 Color" : {
    "Red Component" : 0.33725490196078434,
    "Color Space" : "sRGB",
    "Blue Component" : 0.62352941176470589,
    "Alpha Component" : 1,
    "Green Component" : 0.58039215686274515
  },
  "Non-ASCII Anti Aliased" : true,
  "Sync Title" : false,
  "Disable Window Resizing" : true,
  "Description" : "Default",
  "Close Sessions On End" : true,
  "Jobs to Ignore" : [
    "rlogin",
    "ssh",
    "slogin",
    "telnet"
  ],
  "Non-ASCII Ligatures" : true,
  "Scrollback Lines" : 1000,
  "Draw Powerline Glyphs" : true,
  "Brighten Bold Text" : true,
  "Flashing Bell" : false,
  "Cursor Guide Color" : {
    "Red Component" : 0.792156862745098,
    "Color Space" : "sRGB",
    "Blue Component" : 0.96078431372549022,
    "Alpha Component" : 0.070000000000000034,
    "Green Component" : 0.82745098039215681
  },
  "BM Growl" : false,
  "Ansi 3 Color" : {
    "Red Component" : 0.91764705882352937,
    "Color Space" : "sRGB",
    "Blue Component" : 0.20392156862745098,
    "Alpha Component" : 1,
    "Green Component" : 0.61568627450980395
  },
  "Icon" : 0,
  "Use Non-ASCII Font" : true,
  "Link Color" : {
    "Red Component" : 0.56862745098039214,
    "Color Space" : "sRGB",
    "Blue Component" : 0.8901960784313725,
    "Alpha Component" : 1,
    "Green Component" : 0.84313725490196079
  },
  "Shortcut" : "",
  "Background Image Location" : "",
  "Bold Color" : {
    "Red Component" : 0.792156862745098,
    "Color Space" : "sRGB",
    "Blue Component" : 0.96078431372549022,
    "Alpha Component" : 1,
    "Green Component" : 0.82745098039215681
  },
  "Custom Window Title" : "",
  "Unlimited Scrollback" : false,
  "Allow Title Setting" : false,
  "Custom Command" : "Custom Shell",
  "Title Components" : 32,
  "Keyboard Map" : {
    "0xf700-0x260000" : {
      "Action" : 10,
      "Text" : "[1;6A"
    },
    "0x37-0x40000" : {
      "Action" : 11,
      "Text" : "0x1f"
    },
    "0x32-0x40000" : {
      "Action" : 11,
      "Text" : "0x00"
    },
    "0xf709-0x20000" : {
      "Action" : 10,
      "Text" : "[17;2~"
    },
    "0xf70c-0x20000" : {
      "Action" : 10,
      "Text" : "[20;2~"
    },
    "0xf729-0x20000" : {
      "Action" : 10,
      "Text" : "[1;2H"
    },
    "0xf72b-0x40000" : {
      "Action" : 10,
      "Text" : "[1;5F"
    },
    "0xf705-0x20000" : {
      "Action" : 10,
      "Text" : "[1;2Q"
    },
    "0xf703-0x260000" : {
      "Action" : 10,
      "Text" : "[1;6C"
    },
    "0xf700-0x220000" : {
      "Action" : 10,
      "Text" : "[1;2A"
    },
    "0xf701-0x280000" : {
      "Action" : 11,
      "Text" : "0x1b 0x1b 0x5b 0x42"
    },
    "0x38-0x40000" : {
      "Action" : 11,
      "Text" : "0x7f"
    },
    "0x33-0x40000" : {
      "Action" : 11,
      "Text" : "0x1b"
    },
    "0xf703-0x220000" : {
      "Action" : 10,
      "Text" : "[1;2C"
    },
    "0xf701-0x240000" : {
      "Action" : 10,
      "Text" : "[1;5B"
    },
    "0xf70d-0x20000" : {
      "Action" : 10,
      "Text" : "[21;2~"
    },
    "0xf702-0x260000" : {
      "Action" : 10,
      "Text" : "[1;6D"
    },
    "0xf729-0x40000" : {
      "Action" : 10,
      "Text" : "[1;5H"
    },
    "0xf706-0x20000" : {
      "Action" : 10,
      "Text" : "[1;2R"
    },
    "0x34-0x40000" : {
      "Action" : 11,
      "Text" : "0x1c"
    },
    "0xf700-0x280000" : {
      "Action" : 11,
      "Text" : "0x1b 0x1b 0x5b 0x41"
    },
    "0x2d-0x40000" : {
      "Action" : 11,
      "Text" : "0x1f"
    },
    "0xf70e-0x20000" : {
      "Action" : 10,
      "Text" : "[23;2~"
    },
    "0xf702-0x220000" : {
      "Action" : 10,
      "Text" : "[1;2D"
    },
    "0xf703-0x280000" : {
      "Action" : 11,
      "Text" : "0x1b 0x1b 0x5b 0x43"
    },
    "0xf700-0x240000" : {
      "Action" : 10,
      "Text" : "[1;5A"
    },
    "0xf707-0x20000" : {
      "Action" : 10,
      "Text" : "[1;2S"
    },
    "0xf70a-0x20000" : {
      "Action" : 10,
      "Text" : "[18;2~"
    },
    "0x35-0x40000" : {
      "Action" : 11,
      "Text" : "0x1d"
    },
    "0xf70f-0x20000" : {
      "Action" : 10,
      "Text" : "[24;2~"
    },
    "0xf703-0x240000" : {
      "Action" : 10,
      "Text" : "[1;5C"
    },
    "0xf701-0x260000" : {
      "Action" : 10,
      "Text" : "[1;6B"
    },
    "0xf702-0x280000" : {
      "Action" : 11,
      "Text" : "0x1b 0x1b 0x5b 0x44"
    },
    "0xf72b-0x20000" : {
      "Action" : 10,
      "Text" : "[1;2F"
    },
    "0x36-0x40000" : {
      "Action" : 11,
      "Text" : "0x1e"
    },
    "0xf708-0x20000" : {
      "Action" : 10,
      "Text" : "[15;2~"
    },
    "0xf701-0x220000" : {
      "Action" : 10,
      "Text" : "[1;2B"
    },
    "0xf70b-0x20000" : {
      "Action" : 10,
      "Text" : "[19;2~"
    },
    "0xf702-0x240000" : {
      "Action" : 10,
      "Text" : "[1;5D"
    },
    "0xf704-0x20000" : {
      "Action" : 10,
      "Text" : "[1;2P"
    }
  },
  "Ansi 14 Color" : {
    "Red Component" : 0.33725490196078434,
    "Color Space" : "sRGB",
    "Blue Component" : 0.62352941176470589,
    "Alpha Component" : 1,
    "Green Component" : 0.58039215686274515
  },
  "Ansi 2 Color" : {
    "Red Component" : 0.15686274509803921,
    "Color Space" : "sRGB",
    "Blue Component" : 0.51372549019607838,
    "Alpha Component" : 1,
    "Green Component" : 0.41176470588235292
  },
  "Send Code When Idle" : false,
  "ASCII Anti Aliased" : true,
  "Tags" : [

  ],
  "Ansi 9 Color" : {
    "Red Component" : 0.70588235294117652,
    "Color Space" : "sRGB",
    "Blue Component" : 0.47843137254901963,
    "Alpha Component" : 1,
    "Green Component" : 0.38823529411764707
  },
  "Use Bold Font" : false,
  "Silence Bell" : false,
  "Ansi 12 Color" : {
    "Red Component" : 0.33725490196078434,
    "Color Space" : "sRGB",
    "Blue Component" : 0.62352941176470589,
    "Alpha Component" : 1,
    "Green Component" : 0.58039215686274515
  },
  "Window Type" : 0,
  "Use Bright Bold" : false,
  "Has Hotkey" : false,
  "Cursor Text Color" : {
    "Red Component" : 0.792156862745098,
    "Color Space" : "sRGB",
    "Blue Component" : 0.96078431372549022,
    "Alpha Component" : 1,
    "Green Component" : 0.82745098039215681
  },
  "Default Bookmark" : "No",
  "Cursor Color" : {
    "Red Component" : 0.80784313725490198,
    "Color Space" : "sRGB",
    "Blue Component" : 0.80392156862745101,
    "Alpha Component" : 1,
    "Green Component" : 0.792156862745098
  },
  "Ansi 1 Color" : {
    "Red Component" : 0.70588235294117652,
    "Color Space" : "sRGB",
    "Blue Component" : 0.47843137254901963,
    "Alpha Component" : 1,
    "Green Component" : 0.38823529411764707
  },
  "Name" : "rose-pine",
  "Blinking Cursor" : true,